-- PHPMYADMIN SQL DUMP
-- VERSION 4.8.5
-- HTTPS://WWW.PHPMYADMIN.NET/
--
-- HOST: LOCALHOST:3306
-- GENERATION TIME: 24-JUL-2019 ÀS 00:47
-- VERSÃO DO SERVIDOR: 10.3.16-MARIADB
-- VERSÃO DO PHP: 7.3.2

SET SQL_MODE = "NO_AUTO_VALUE_ON_ZERO";
SET AUTOCOMMIT = 0;
START TRANSACTION;
SET TIME_ZONE = "+00:00";


/*!40101 SET @OLD_CHARACTER_SET_CLIENT=@@CHARACTER_SET_CLIENT */;
/*!40101 SET @OLD_CHARACTER_SET_RESULTS=@@CHARACTER_SET_RESULTS */;
/*!40101 SET @OLD_COLLATION_CONNECTION=@@COLLATION_CONNECTION */;
/*!40101 SET NAMES UTF8MB4 */;

--
-- DATABASE: `ID10259635_GUISMI`
--

-- --------------------------------------------------------

--
-- ESTRUTURA DA TABELA `ACAO`
--

CREATE TABLE `ACAO` (
  `IDACAO` INT(1) NOT NULL,
  `NOMEACAO` VARCHAR(40) NOT NULL
) ENGINE=INNODB DEFAULT CHARSET=LATIN1;

--
-- EXTRAINDO DADOS DA TABELA `ACAO`
--

INSERT INTO `ACAO` (`IDACAO`, `NOMEACAO`) VALUES
(1, 'AÇÃO HIPOTETICA');

-- --------------------------------------------------------

--
-- ESTRUTURA DA TABELA `CAMINHO`
--

CREATE TABLE `CAMINHO` (
  `IDCAMINHO` INT(2) NOT NULL,
  `NOMECAMINHO` VARCHAR(50) NOT NULL,
  `DESCCAMINHO` TEXT DEFAULT NULL
) ENGINE=INNODB DEFAULT CHARSET=LATIN1;

--
-- EXTRAINDO DADOS DA TABELA `CAMINHO`
--

INSERT INTO `CAMINHO` (`IDCAMINHO`, `NOMECAMINHO`, `DESCCAMINHO`) VALUES
(1, 'GUERREIRO', 'GUERREIRO SÃO BATALHADORES ASTUTOS QUE USAM CORPO-A-CORPO COMO MAIOR ARMA, É ESSENCIAL UM BOM ATAQUE E GRANDE MOBILIDADE, ESTES POR SUA VEZ UTILIZAM ARMADURA, TANTO LEVE QUANTO INTERMEDIARIA, OS ATRIBUTOS PRINCIPAIS DESTE CAMINHO SÃO FORÇA, DESTREZA E CONSTITUIÇÃO, TRABALHAR COM VÁRIAS ARMAS DIFERENTES É UM BÔNUS, DEVIDO Á ISTO PODE ESCOLHER TRÊS ESPECIALIZAÇÕES ENTRE: ESPADA UMA MÃO, ESPADA DUAS MÃOS, MACHADO UMA MÃO, MARTELO UMA MÃO, ARMADURA LEVE E ESCUDO LEVE.');

-- --------------------------------------------------------

--
-- ESTRUTURA DA TABELA `CAMINHO_HAS_ESPECIALIZACAO`
--

CREATE TABLE `CAMINHO_HAS_ESPECIALIZACAO` (
  `IDESPECIALIZACAO` INT(5) NOT NULL,
  `IDCAMINHO` INT(2) NOT NULL
) ENGINE=INNODB DEFAULT CHARSET=LATIN1;

--
-- EXTRAINDO DADOS DA TABELA `CAMINHO_HAS_ESPECIALIZACAO`
--

INSERT INTO `CAMINHO_HAS_ESPECIALIZACAO` (`IDESPECIALIZACAO`, `IDCAMINHO`) VALUES
(1, 1);

-- --------------------------------------------------------

--
-- ESTRUTURA DA TABELA `CAMINHO_HAS_HABILIDADE`
--

CREATE TABLE `CAMINHO_HAS_HABILIDADE` (
  `IDCAMINHO` INT(2) NOT NULL,
  `IDHABILIDADE` INT(10) NOT NULL
) ENGINE=INNODB DEFAULT CHARSET=LATIN1;

--
-- EXTRAINDO DADOS DA TABELA `CAMINHO_HAS_HABILIDADE`
--

INSERT INTO `CAMINHO_HAS_HABILIDADE` (`IDCAMINHO`, `IDHABILIDADE`) VALUES
(1, 1);

-- --------------------------------------------------------

--
-- ESTRUTURA DA TABELA `CAMINHO_HAS_HABITO`
--

CREATE TABLE `CAMINHO_HAS_HABITO` (
  `IDCAMINHO` INT(2) NOT NULL,
  `IDHABITO` INT(4) NOT NULL,
  `QTDCAMINHOHABITO` INT(3) DEFAULT NULL
) ENGINE=INNODB DEFAULT CHARSET=LATIN1;

--
-- EXTRAINDO DADOS DA TABELA `CAMINHO_HAS_HABITO`
--

INSERT INTO `CAMINHO_HAS_HABITO` (`IDCAMINHO`, `IDHABITO`, `QTDCAMINHOHABITO`) VALUES
(1, 1, 69);

-- --------------------------------------------------------

--
-- ESTRUTURA DA TABELA `CIDADE`
--

CREATE TABLE `CIDADE` (
  `IDCIDADE` INT(4) NOT NULL,
  `NOMECIDADE` VARCHAR(50) NOT NULL,
  `DESCCIDADE` TEXT NOT NULL,
  `POPCIDADE` VARCHAR(40) NOT NULL
) ENGINE=INNODB DEFAULT CHARSET=LATIN1;

--
-- EXTRAINDO DADOS DA TABELA `CIDADE`
--

INSERT INTO `CIDADE` (`IDCIDADE`, `NOMECIDADE`, `DESCCIDADE`, `POPCIDADE`) VALUES
(1, 'CURITIBA HIPOTETICA', 'HIPOTETACRATENUSA', '123 MILUMANOS');

-- --------------------------------------------------------

--
-- ESTRUTURA DA TABELA `DESCENDENCIA`
--

CREATE TABLE `DESCENDENCIA` (
  `IDDESCENDENCIA` INT(4) NOT NULL,
  `NOMEDESCENDENCIA` VARCHAR(50) NOT NULL,
  `DESCDESCENDENCIA` TEXT NOT NULL
) ENGINE=INNODB DEFAULT CHARSET=LATIN1;

--
-- EXTRAINDO DADOS DA TABELA `DESCENDENCIA`
--

INSERT INTO `DESCENDENCIA` (`IDDESCENDENCIA`, `NOMEDESCENDENCIA`, `DESCDESCENDENCIA`) VALUES
(1, 'TRAPEZIO DESCENDENTE', 'DESCRIÇÃO DESCENTE'),
(2, 'CORPO ARCANO', 'SEU CORPO É FORMADO DE ENERGIA MAGICA MUTÁVEL, PODENDO ALTERAR SUA FORMA E GARANTINDO RESISTÊNCIA MAGICA +2.'),
(3, 'AMPLIADOR DE MANA ETHEREA ', 'SEU CORPO É UMA GRANDE FONTE DE MANA, O POTENCIAL DE MANA É AUMENTADO PARA 7 VEZES E PODE USAR SUA VIDA COMO MANA, PORÉM DEVIDO A ISTO NÃO PODEM CONJURAR MAGIA DE SANGUE.'),
(4, 'TOQUE ARCANO', 'POR SER DE MANA, SEU TOQUE PODE CONCEDER MANA EXTRA PARA UMA CRIATURA, GASTANDO SANGUE NA QUANTIA DOADA.');

-- --------------------------------------------------------

--
-- ESTRUTURA DA TABELA `DESCENDENCIA_HAS_HABILIDADE`
--

CREATE TABLE `DESCENDENCIA_HAS_HABILIDADE` (
  `IDDESCENDENCIA` INT(4) NOT NULL,
  `IDHABILIDADE` INT(10) NOT NULL
) ENGINE=INNODB DEFAULT CHARSET=LATIN1;

--
-- EXTRAINDO DADOS DA TABELA `DESCENDENCIA_HAS_HABILIDADE`
--

INSERT INTO `DESCENDENCIA_HAS_HABILIDADE` (`IDDESCENDENCIA`, `IDHABILIDADE`) VALUES
(1, 1);

-- --------------------------------------------------------

--
-- ESTRUTURA DA TABELA `DESCENDENCIA_HAS_HABITO`
--

CREATE TABLE `DESCENDENCIA_HAS_HABITO` (
  `IDDESCENDENCIA` INT(4) NOT NULL,
  `IDHABITO` INT(4) NOT NULL,
  `QTDDESCENDENCIAHABITO` INT(3) DEFAULT NULL
) ENGINE=INNODB DEFAULT CHARSET=LATIN1;

--
-- EXTRAINDO DADOS DA TABELA `DESCENDENCIA_HAS_HABITO`
--

INSERT INTO `DESCENDENCIA_HAS_HABITO` (`IDDESCENDENCIA`, `IDHABITO`, `QTDDESCENDENCIAHABITO`) VALUES
(1, 1, 5);

-- --------------------------------------------------------

--
-- ESTRUTURA DA TABELA `DESCENDENCIA_HAS_SANIDADE`
--

CREATE TABLE `DESCENDENCIA_HAS_SANIDADE` (
  `IDDESCENDENCIA` INT(4) NOT NULL,
  `IDSANIDADE` INT(1) NOT NULL
) ENGINE=INNODB DEFAULT CHARSET=LATIN1;

--
-- EXTRAINDO DADOS DA TABELA `DESCENDENCIA_HAS_SANIDADE`
--

INSERT INTO `DESCENDENCIA_HAS_SANIDADE` (`IDDESCENDENCIA`, `IDSANIDADE`) VALUES
(1, 1);

-- --------------------------------------------------------

--
-- ESTRUTURA DA TABELA `DESCENDENCIA_HAS_SITUACAO`
--

CREATE TABLE `DESCENDENCIA_HAS_SITUACAO` (
  `IDDESCENDENCIA` INT(4) NOT NULL,
  `IDSITUACAO` INT(2) NOT NULL
) ENGINE=INNODB DEFAULT CHARSET=LATIN1;

--
-- EXTRAINDO DADOS DA TABELA `DESCENDENCIA_HAS_SITUACAO`
--

INSERT INTO `DESCENDENCIA_HAS_SITUACAO` (`IDDESCENDENCIA`, `IDSITUACAO`) VALUES
(1, 1);

-- --------------------------------------------------------

--
-- ESTRUTURA DA TABELA `ESPECIALIZACAO`
--

CREATE TABLE `ESPECIALIZACAO` (
  `IDESPECIALIZACAO` INT(5) NOT NULL,
  `NOMEESPECIALIZACAO` VARCHAR(50) NOT NULL,
  `DESCESPECIALIZACAO` TEXT NOT NULL
) ENGINE=INNODB DEFAULT CHARSET=LATIN1;

--
-- EXTRAINDO DADOS DA TABELA `ESPECIALIZACAO`
--

INSERT INTO `ESPECIALIZACAO` (`IDESPECIALIZACAO`, `NOMEESPECIALIZACAO`, `DESCESPECIALIZACAO`) VALUES
(1, 'ESPADA LONGA', 'TECNICA APRIMORADA COM ESPADAS LONGAS.'),
(3, 'RUNAS', 'CONHECIMENTO ESPECIALIZADO EM RUNAS.'),
(4, 'NEGOCIAR', 'CONHECIMENTO ESPECIALIZADO EM NEGOCIAÇÃO.'),
(5, 'MAGIA ARCANA', 'CONHECIMENTO ESPECIALIZADO EM MAGIA ARCANA.'),
(6, 'RITUAIS', 'CONHECIMENTO ESPECIALIZADO EM RITUAIS.');

-- --------------------------------------------------------

--
-- ESTRUTURA DA TABELA `FICHA`
--

CREATE TABLE `FICHA` (
  `IDFICHA` INT(10) NOT NULL,
  `IDRACA` INT(4) NOT NULL,
  `IDCIDADE` INT(4) NOT NULL,
  `IDJOGADOR` INT(10) NOT NULL,
  `NOMEPERSONAGEM` VARCHAR(50) NOT NULL,
  `IMG` VARCHAR(500) DEFAULT NULL,
  `IDADE` DECIMAL(4,0) NOT NULL,
  `AFILIACAO` VARCHAR(80) DEFAULT NULL,
  `CLA` VARCHAR(80) DEFAULT NULL,
  `SORTEDIA` DECIMAL(3,0) DEFAULT NULL,
  `DISTFORCA` DECIMAL(3,0) DEFAULT NULL,
  `DISTCONSTITUICAO` DECIMAL(3,0) DEFAULT NULL,
  `DISTAGILIDADE` DECIMAL(3,0) DEFAULT NULL,
  `DISTDESTREZA` DECIMAL(3,0) DEFAULT NULL,
  `DISTINTELIGENCIA` DECIMAL(3,0) DEFAULT NULL,
  `DISTSABEDORIA` DECIMAL(3,0) DEFAULT NULL,
  `DISTCARISMA` DECIMAL(3,0) DEFAULT NULL,
  `NIVELPERSONAGEM` INT(3) NOT NULL,
  `EXPPERSONAGEM` INT(8) NOT NULL,
  `DESCPERSONAGEM` TEXT DEFAULT NULL,
  `HISTPERSONAGEM` TEXT DEFAULT NULL,
  `NOTA` TEXT DEFAULT NULL,
  `IDSANIDADE` INT(1) DEFAULT NULL
) ENGINE=INNODB DEFAULT CHARSET=LATIN1;

--
-- EXTRAINDO DADOS DA TABELA `FICHA`
--

INSERT INTO `FICHA` (`IDFICHA`, `IDRACA`, `IDCIDADE`, `IDJOGADOR`, `NOMEPERSONAGEM`, `IMG`, `IDADE`, `AFILIACAO`, `CLA`, `SORTEDIA`, `DISTFORCA`, `DISTCONSTITUICAO`, `DISTAGILIDADE`, `DISTDESTREZA`, `DISTINTELIGENCIA`, `DISTSABEDORIA`, `DISTCARISMA`, `NIVELPERSONAGEM`, `EXPPERSONAGEM`, `DESCPERSONAGEM`, `HISTPERSONAGEM`, `NOTA`, `IDSANIDADE`) VALUES
(1, 3, 1, 1, 'PERSONAGEM HIPOTETICO 1', 'HTTPS://PBS.TWIMG.COM/PROFILE_IMAGES/1068864058768658433/2YYNWEGB_400X400.JPG', '123', 'NAO TEM', 'NAO TEM2', '4', '1', '2', '3', '4', '5', '6', '7', 0, 0, 'GRANDES OLHOS PEQUENOS', 'NASCEU UM DIA', '100', NULL),
(2, 1, 1, 1, 'PERSONAGEM HIPOTETICO 2', 'HTTPS://PBS.TWIMG.COM/MEDIA/DRXYNOXX0AMETWP.JPG:LARGE', '321', 'NAO ', 'NAO 2', '1', '4', '6', '7', '9', '0', '1', '8', 0, 0, 'GRANDES OLHOS PEQUENOS', 'NASCEU UM DIA', '100', NULL),
(3, 1, 1, 1, 'PERSONAGEM HIPOTETICO 3 DE NOME GRANDE PRACARAI', 'HTTPS://PBS.TWIMG.COM/MEDIA/DS4QECTWOAEMNAH.JPG:LARGE', '321', 'NAO ', 'NAO 2', '1', '4', '6', '7', '9', '0', '1', '8', 0, 0, 'GRANDES OLHOS PEQUENOS', 'NASCEU UM DIA', '100', NULL);

-- --------------------------------------------------------

--
-- ESTRUTURA DA TABELA `FICHA_HAS_CAMINHO`
--

CREATE TABLE `FICHA_HAS_CAMINHO` (
  `IDFICHA` INT(10) NOT NULL,
  `IDCAMINHO` INT(2) NOT NULL
) ENGINE=INNODB DEFAULT CHARSET=LATIN1;

--
-- EXTRAINDO DADOS DA TABELA `FICHA_HAS_CAMINHO`
--

INSERT INTO `FICHA_HAS_CAMINHO` (`IDFICHA`, `IDCAMINHO`) VALUES
(1, 1);

-- --------------------------------------------------------

--
-- ESTRUTURA DA TABELA `FICHA_HAS_DESCENDENCIA`
--

CREATE TABLE `FICHA_HAS_DESCENDENCIA` (
  `IDDESCENDENCIA` INT(4) NOT NULL,
  `IDFICHA` INT(10) NOT NULL
) ENGINE=INNODB DEFAULT CHARSET=LATIN1;

--
-- EXTRAINDO DADOS DA TABELA `FICHA_HAS_DESCENDENCIA`
--

INSERT INTO `FICHA_HAS_DESCENDENCIA` (`IDDESCENDENCIA`, `IDFICHA`) VALUES
(1, 1);

-- --------------------------------------------------------

--
-- ESTRUTURA DA TABELA `FICHA_HAS_HABILIDADE`
--

CREATE TABLE `FICHA_HAS_HABILIDADE` (
  `IDHABILIDADE` INT(10) NOT NULL,
  `IDFICHA` INT(10) NOT NULL
) ENGINE=INNODB DEFAULT CHARSET=LATIN1;

--
-- EXTRAINDO DADOS DA TABELA `FICHA_HAS_HABILIDADE`
--

INSERT INTO `FICHA_HAS_HABILIDADE` (`IDHABILIDADE`, `IDFICHA`) VALUES
(1, 1);

-- --------------------------------------------------------

--
-- ESTRUTURA DA TABELA `FICHA_HAS_HABITO`
--

CREATE TABLE `FICHA_HAS_HABITO` (
  `IDFICHA` INT(10) NOT NULL,
  `IDHABITO` INT(4) NOT NULL,
  `QTDFICHAHABITO` INT(3) NOT NULL
) ENGINE=INNODB DEFAULT CHARSET=LATIN1;

--
-- EXTRAINDO DADOS DA TABELA `FICHA_HAS_HABITO`
--

INSERT INTO `FICHA_HAS_HABITO` (`IDFICHA`, `IDHABITO`, `QTDFICHAHABITO`) VALUES
(1, 1, 50),
(2, 37, 2);

-- --------------------------------------------------------

--
-- ESTRUTURA DA TABELA `FICHA_HAS_IDIOMA`
--

CREATE TABLE `FICHA_HAS_IDIOMA` (
  `IDFICHA` INT(10) NOT NULL,
  `IDIDIOMA` INT(3) NOT NULL
) ENGINE=INNODB DEFAULT CHARSET=LATIN1;

--
-- EXTRAINDO DADOS DA TABELA `FICHA_HAS_IDIOMA`
--

INSERT INTO `FICHA_HAS_IDIOMA` (`IDFICHA`, `IDIDIOMA`) VALUES
(1, 1);

-- --------------------------------------------------------

--
-- ESTRUTURA DA TABELA `FICHA_HAS_INVENTARIO`
--

CREATE TABLE `FICHA_HAS_INVENTARIO` (
  `IDFICHA` INT(10) NOT NULL,
  `IDINVENTARIO` INT(10) NOT NULL
) ENGINE=INNODB DEFAULT CHARSET=LATIN1;

--
-- EXTRAINDO DADOS DA TABELA `FICHA_HAS_INVENTARIO`
--

INSERT INTO `FICHA_HAS_INVENTARIO` (`IDFICHA`, `IDINVENTARIO`) VALUES
(1, 1);

-- --------------------------------------------------------

--
-- ESTRUTURA DA TABELA `FICHA_HAS_PATRONO`
--

CREATE TABLE `FICHA_HAS_PATRONO` (
  `IDFICHA` INT(10) NOT NULL,
  `IDPATRONO` INT(3) NOT NULL
) ENGINE=INNODB DEFAULT CHARSET=LATIN1;

-- --------------------------------------------------------

--
-- ESTRUTURA DA TABELA `FICHA_HAS_SITUACAO`
--

CREATE TABLE `FICHA_HAS_SITUACAO` (
  `IDFICHA` INT(10) NOT NULL,
  `IDSITUACAO` INT(2) NOT NULL
) ENGINE=INNODB DEFAULT CHARSET=LATIN1;

--
-- EXTRAINDO DADOS DA TABELA `FICHA_HAS_SITUACAO`
--

INSERT INTO `FICHA_HAS_SITUACAO` (`IDFICHA`, `IDSITUACAO`) VALUES
(1, 1);

-- --------------------------------------------------------

--
-- ESTRUTURA DA TABELA `GASTO`
--

CREATE TABLE `GASTO` (
  `IDGASTO` INT(1) NOT NULL,
  `NOME` VARCHAR(25) NOT NULL
) ENGINE=INNODB DEFAULT CHARSET=LATIN1;

--
-- EXTRAINDO DADOS DA TABELA `GASTO`
--

INSERT INTO `GASTO` (`IDGASTO`, `NOME`) VALUES
(1, 'MANA');

-- --------------------------------------------------------

--
-- ESTRUTURA DA TABELA `HABILIDADE`
--

CREATE TABLE `HABILIDADE` (
  `IDHABILIDADE` INT(10) NOT NULL,
  `NOMEHABILIDADE` VARCHAR(50) NOT NULL,
  `ATRATACANTE` VARCHAR(3) NOT NULL,
  `TIPOHABILIDADE` VARCHAR(30) NOT NULL,
  `UTIHABILIDADE` VARCHAR(80) NOT NULL,
  `DESCHABILIDADE` TEXT NOT NULL,
  `PREREQUISITO` VARCHAR(255) DEFAULT NULL,
  `NIVELREQUERIDO` DECIMAL(3,0) DEFAULT NULL
) ENGINE=INNODB DEFAULT CHARSET=LATIN1;

--
-- EXTRAINDO DADOS DA TABELA `HABILIDADE`
--

INSERT INTO `HABILIDADE` (`IDHABILIDADE`, `NOMEHABILIDADE`, `ATRATACANTE`, `TIPOHABILIDADE`, `UTIHABILIDADE`, `DESCHABILIDADE`, `PREREQUISITO`, `NIVELREQUERIDO`) VALUES
(1, 'SHORIU QUEM?', 'FOR', 'PASSIVA', '1 VEZ POR ANO', 'CHUTA PRA BAIXO', 'PERGAMINHO', '52');

-- --------------------------------------------------------

--
-- ESTRUTURA DA TABELA `HABILIDADE_HAS_ACAO`
--

CREATE TABLE `HABILIDADE_HAS_ACAO` (
  `IDACAO` INT(1) NOT NULL,
  `IDHABILIDADE` INT(10) NOT NULL
) ENGINE=INNODB DEFAULT CHARSET=LATIN1;

--
-- EXTRAINDO DADOS DA TABELA `HABILIDADE_HAS_ACAO`
--

INSERT INTO `HABILIDADE_HAS_ACAO` (`IDACAO`, `IDHABILIDADE`) VALUES
(1, 1);

-- --------------------------------------------------------

--
-- ESTRUTURA DA TABELA `HABILIDADE_HAS_GASTO`
--

CREATE TABLE `HABILIDADE_HAS_GASTO` (
  `IDHABILIDADE` INT(10) NOT NULL,
  `IDGASTO` INT(1) NOT NULL,
  `QUANTIDADEHABILIDADEGASTO` INT(4) NOT NULL
) ENGINE=INNODB DEFAULT CHARSET=LATIN1;

-- --------------------------------------------------------

--
-- ESTRUTURA DA TABELA `HABILIDADE_HAS_SITUACAO`
--

CREATE TABLE `HABILIDADE_HAS_SITUACAO` (
  `IDSITUACAO` INT(2) NOT NULL,
  `IDHABILIDADE` INT(10) NOT NULL
) ENGINE=INNODB DEFAULT CHARSET=LATIN1;

--
-- EXTRAINDO DADOS DA TABELA `HABILIDADE_HAS_SITUACAO`
--

INSERT INTO `HABILIDADE_HAS_SITUACAO` (`IDSITUACAO`, `IDHABILIDADE`) VALUES
(1, 1);

-- --------------------------------------------------------

--
-- ESTRUTURA DA TABELA `HABITO`
--

CREATE TABLE `HABITO` (
  `IDHABITO` INT(4) NOT NULL,
  `NOMEHABITO` VARCHAR(40) NOT NULL,
  `DESCHABITO` TEXT NOT NULL
) ENGINE=INNODB DEFAULT CHARSET=LATIN1;

--
-- EXTRAINDO DADOS DA TABELA `HABITO`
--

INSERT INTO `HABITO` (`IDHABITO`, `NOMEHABITO`, `DESCHABITO`) VALUES
(1, 'EXPLORAR', 'CONHECIMENTO EM EXPLORAÇÃO.'),
(2, 'ARCANISMO', 'CONHECIMENTO EM ARTES ARCANAS, COMO RITUAIS, FORJA DE RUNAS, ENTRE OUTROS...'),
(3, 'MAGIA', 'HABILIDADE EM MANIPULAÇÃO DOS ADVERSOS TIPOS DE MAGIA.'),
(4, 'CORPO-A-CORPO', 'HABILIDADE EM LUTAR PRÓXIMO AO OPONENTE.'),
(5, 'Á DISTÂNCIA', 'CONHECIMENTO EM UTILIZAÇÃO DE ARMAS DE A DISTANCIA.'),
(8, 'ARMADURA', 'PROEZA EM UTILIZAR ARMADURAS.'),
(9, 'ESCUDOS', 'CONHECIMENTO EM UTILIZAÇÃO DE ESCUDOS.'),
(10, 'ARMADILHA', 'HABILIDADE COM ARMADILHAS.'),
(11, 'ASTROLOGIA', 'CONHECIMENTOS SOBRE ASTROLOGIA.'),
(12, 'DECIFRAR', 'HABILIDADE EM DECIFRAR.'),
(13, 'ENGENHARIA', 'CONHECIMENTO EM ENGENHARIAS.'),
(14, 'HISTÓRIA', 'CONHECIMENTO SOBRE HISTÓRIA DO MUNDO.'),
(15, 'MEDICINA', 'CONHECIMENTO EM MEDICINA.'),
(16, 'METALURGIA', 'CONHECIMENTO EM METALURGIA.'),
(17, 'MONTAR', 'HABILIDADE EM MONTARIA.'),
(18, 'NATUREZA', 'CONHECIMENTOS SOBRE A NATUREZA.'),
(19, 'RELIGIÃO', 'CONHECIMENTO SOBRE AS RELIGIÕES.'),
(20, 'SOBREVIVÊNCIA', 'HABILIDADE DE SOBREVIVÊNCIA.'),
(21, 'TROVAR', 'HABILIDADE COM TROVA.'),
(22, 'ARROMBAR', 'HABILIDADE EM ABRIR FECHADURAS.'),
(23, 'DESENHAR', 'HABILIDADE EM DESENHO.'),
(24, 'DIPLOMACIA', 'CONHECIMENTO EM DIPLOMACIA.'),
(25, 'DIRIGIR', 'HABILIDADE DIRIGIR QUAISQUER CONSTRUTO.'),
(26, 'DOMAR', 'CONHECIMENTO EM DOMA.'),
(28, 'LECIONAR', 'CONHECIMENTO SOBRE ENSINAMENTOS.'),
(29, 'LER E ESCREVER', 'CONHECIMENTO EM LEITURA E ESCRITA.'),
(30, 'PERCEPÇÃO', 'HABILIDADE DE PERCEBER.'),
(31, 'PSIQUISMO', 'HABILIDADE PSIQUICA.'),
(32, 'CAÇAR', 'HABILIDADE EM CAÇA.'),
(33, 'ESCAVAR', 'CONHECIMENTO SOBRE ESCAVAÇÕES.'),
(34, 'LAVRAR', 'HABILIDADE EM LAVRA.'),
(35, 'LENHAR', 'HABILIDADE EM CORTAR ARVORES.'),
(36, 'MINERAR', 'HABILIDADE EM EXTRAIR MINÉRIOS.'),
(37, 'ALQUIMIA', 'HABILIDADE EM PRODUZIR QUÍMICOS.'),
(38, 'CONSTRUIR', 'HABILIDADE EM CONSTRUÇÕES.'),
(39, 'COZINHAR', 'HABILIDADE NA COZINHA.'),
(40, 'FORJAR', 'HABILIDADE EM FORJA.'),
(41, 'MARCENARIA', 'HABILIDADE EM MARCENARIA.'),
(42, 'ATLETISMO', 'HABILIDADE FÍSICA.'),
(43, 'ARTES MARCIAIS', 'CONHECIMENTO EM ARTES MARCIAIS.'),
(44, 'FURTIVIDADE', 'CONHECIMENTO SOBRE OCULTAR.'),
(45, 'DANÇAR', 'CONHECIMENTO SOBRE DANÇAS.'),
(46, 'NADAR', 'CONHECIMENTO SOBRE NADAR.'),
(47, 'ROUBAR', 'CONHECIMENTO SOBRE PUNGA.'),
(48, 'TOLERÂNCIA', 'HABILIDADE DO ORGANISMO RESISTIR A FATORES EXTERNOS (EX.: VENENO).');

-- --------------------------------------------------------

--
-- ESTRUTURA DA TABELA `HABITOS_HAS_ESPECIALIZACAO`
--

CREATE TABLE `HABITOS_HAS_ESPECIALIZACAO` (
  `IDHABITO` INT(4) NOT NULL,
  `IDESPECIALIZACAO` INT(5) NOT NULL
) ENGINE=INNODB DEFAULT CHARSET=LATIN1;

--
-- EXTRAINDO DADOS DA TABELA `HABITOS_HAS_ESPECIALIZACAO`
--

INSERT INTO `HABITOS_HAS_ESPECIALIZACAO` (`IDHABITO`, `IDESPECIALIZACAO`) VALUES
(1, 1),
(2, 3),
(2, 6),
(3, 5),
(24, 4);

-- --------------------------------------------------------

--
-- ESTRUTURA DA TABELA `IDIOMA`
--

CREATE TABLE `IDIOMA` (
  `IDIDIOMA` INT(3) NOT NULL,
  `NOMEIDIOMA` VARCHAR(50) NOT NULL,
  `DESCIDIOMA` TEXT NOT NULL
) ENGINE=INNODB DEFAULT CHARSET=LATIN1;

--
-- EXTRAINDO DADOS DA TABELA `IDIOMA`
--

INSERT INTO `IDIOMA` (`IDIDIOMA`, `NOMEIDIOMA`, `DESCIDIOMA`) VALUES
(1, 'FALA MANSA', 'AQUELE QUE FALA MANSINHO'),
(2, 'COMUM', 'LÍNGUA FALADA POR TODA PARTE DO MUNDO, QUASE TODAS AS RAÇAS FALAM.'),
(3, 'NIERGAUS', 'LÍNGUA FALADA POR ETHEREOS, SUA ESCRITA É FEITA COM MANA E POR MEIO DE HIEROGLIFOS QUADRADOS.');

-- --------------------------------------------------------

--
-- ESTRUTURA DA TABELA `INVENTARIO`
--

CREATE TABLE `INVENTARIO` (
  `IDINVENTARIO` INT(10) NOT NULL,
  `NOMEINVENTARIO` VARCHAR(50) DEFAULT NULL
) ENGINE=INNODB DEFAULT CHARSET=LATIN1;

--
-- EXTRAINDO DADOS DA TABELA `INVENTARIO`
--

INSERT INTO `INVENTARIO` (`IDINVENTARIO`, `NOMEINVENTARIO`) VALUES
(1, 'BOLSÃO');

-- --------------------------------------------------------

--
-- ESTRUTURA DA TABELA `INVENTARIO_HAS_ITEM`
--

CREATE TABLE `INVENTARIO_HAS_ITEM` (
  `IDINVENTARIO` INT(10) NOT NULL,
  `IDITEM` INT(10) NOT NULL,
  `QTDINVENTARIOITEM` INT(4) DEFAULT NULL
) ENGINE=INNODB DEFAULT CHARSET=LATIN1;

--
-- EXTRAINDO DADOS DA TABELA `INVENTARIO_HAS_ITEM`
--

INSERT INTO `INVENTARIO_HAS_ITEM` (`IDINVENTARIO`, `IDITEM`, `QTDINVENTARIOITEM`) VALUES
(1, 1, 5);

-- --------------------------------------------------------

--
-- ESTRUTURA DA TABELA `ITEM`
--

CREATE TABLE `ITEM` (
  `IDITEM` INT(10) NOT NULL,
  `NOMEITEM` VARCHAR(50) NOT NULL,
  `DESCITEM` TEXT NOT NULL,
  `PESOITEM` DECIMAL(5,2) NOT NULL,
  `VALORMAGICO` DECIMAL(10,0) NOT NULL,
  `VALORITEM` DECIMAL(10,0) NOT NULL,
  `MOEDA` TINYINT(1) NOT NULL,
  `ICONEITEM` VARCHAR(100) DEFAULT NULL
) ENGINE=INNODB DEFAULT CHARSET=LATIN1;

--
-- EXTRAINDO DADOS DA TABELA `ITEM`
--

INSERT INTO `ITEM` (`IDITEM`, `NOMEITEM`, `DESCITEM`, `PESOITEM`, `VALORMAGICO`, `VALORITEM`, `MOEDA`, `ICONEITEM`) VALUES
(1, 'PEDRA', 'PESADA PRA CARALHO', '999.99', '0', '12', 0, NULL);

-- --------------------------------------------------------

--
-- ESTRUTURA DA TABELA `JOGADOR`
--

CREATE TABLE `JOGADOR` (
  `IDJOGADOR` INT(10) NOT NULL,
  `NOMEJOGADOR` VARCHAR(50) NOT NULL,
  `LOGIN` VARCHAR(15) NOT NULL,
  `SENHA` VARCHAR(40) CHARACTER SET UTF8MB4 COLLATE UTF8MB4_UNICODE_CI NOT NULL,
  `MESTRE` TINYINT(1) NOT NULL
) ENGINE=INNODB DEFAULT CHARSET=LATIN1;

--
-- EXTRAINDO DADOS DA TABELA `JOGADOR`
--

INSERT INTO `JOGADOR` (`IDJOGADOR`, `NOMEJOGADOR`, `LOGIN`, `SENHA`, `MESTRE`) VALUES
(1, 'TESTADOR', 'TESTE', 'KARENLIVESFOREVA', 1);

-- --------------------------------------------------------

--
-- ESTRUTURA DA TABELA `PATRONO`
--

CREATE TABLE `PATRONO` (
  `IDPATRONO` INT(3) NOT NULL,
  `NOMEPATRONO` VARCHAR(50) NOT NULL,
  `DESCPATRONO` TEXT NOT NULL
) ENGINE=INNODB DEFAULT CHARSET=LATIN1;

--
-- EXTRAINDO DADOS DA TABELA `PATRONO`
--

INSERT INTO `PATRONO` (`IDPATRONO`, `NOMEPATRONO`, `DESCPATRONO`) VALUES
(2, 'AZUTH', 'HTTPS://FORGOTTENREALMS.FANDOM.COM/WIKI/AZUTH');

-- --------------------------------------------------------

--
-- ESTRUTURA DA TABELA `RACA`
--

CREATE TABLE `RACA` (
  `IDRACA` INT(4) NOT NULL,
  `NOMERACA` VARCHAR(50) NOT NULL,
  `RARIDADERACA` VARCHAR(30) NOT NULL,
  `DESCRACA` TEXT NOT NULL,
  `LONGEVIDADERACA` VARCHAR(50) NOT NULL,
  `TRACOSFISIOLOGICOS` TEXT DEFAULT NULL,
  `CULTURARACA` TEXT DEFAULT NULL,
  `HISTORIARACA` TEXT DEFAULT NULL,
  `RACAFORCA` DECIMAL(3,0) DEFAULT NULL,
  `RACACONSTITUICAO` DECIMAL(3,0) DEFAULT NULL,
  `RACAAGILIDADE` DECIMAL(3,0) DEFAULT NULL,
  `RACADESTREZA` DECIMAL(3,0) DEFAULT NULL,
  `RACAINTELIGENCIA` DECIMAL(3,0) DEFAULT NULL,
  `RACASABEDORIA` DECIMAL(3,0) DEFAULT NULL,
  `RACACARISMA` DECIMAL(3,0) DEFAULT NULL,
  `SANGUE` DECIMAL(4,0) DEFAULT NULL,
  `VIGOR` DECIMAL(4,0) DEFAULT NULL
) ENGINE=INNODB DEFAULT CHARSET=LATIN1;

--
-- EXTRAINDO DADOS DA TABELA `RACA`
--

INSERT INTO `RACA` (`IDRACA`, `NOMERACA`, `RARIDADERACA`, `DESCRACA`, `LONGEVIDADERACA`, `TRACOSFISIOLOGICOS`, `CULTURARACA`, `HISTORIARACA`, `RACAFORCA`, `RACACONSTITUICAO`, `RACAAGILIDADE`, `RACADESTREZA`, `RACAINTELIGENCIA`, `RACASABEDORIA`, `RACACARISMA`, `SANGUE`, `VIGOR`) VALUES
(1, 'RAÇA HIPOTETICA1', 'NORMAL 1', 'HIPOTERAÇA', '500', 'OLHOS GRAAANDES', 'FAZEM DANÇA DA CHUVA', 'MORREU UM MONTE DE GENTE NUMA GUERRA', '1', '2', '3', '4', '5', '6', '7', '10', '11'),
(2, 'RAÇA HIPOTETICA2', 'NORMAL 2', 'HIPOTERAÇA 2', '123123', 'BARRIGUINHA', 'GUERRAS', 'NINGUEM MORREU', '9', '8', '7', '6', '5', '4', '3', '12', '13'),
(3, 'ETHEREOS (NIERGAUS)', 'MUITO RARO (50 PONTOS)', ' SERES QUE VEM DA ANTIGUIDADE ATÉ O PRESENTE, RAÇAS ESQUECIDAS E EXCEPCIONAIS, QUE FORAM CRIADAS PELAS ALTAS-DIVINDADES.', '200', ' SEU CORPO É VOLÁTIL E FEITO DE UMA NUVEM DE MANA, OS GOLPES QUE O ACERTAM FAZEM COM QUE PARTE DESSA MANA SE PERCA. SUA COLORAÇÃO PODE VARIAR DENTRE AS CORES BÁSICAS, VERMELHO, AZUL, VERDE E OUTRAS.', ' SÃO UM POVO NÔMADE QUE VIAJA ENTRE PLANOS VENDENDO ESPECIARIAS, ARTEFATOS E EQUIPAMENTOS, GERALMENTE SÃO ENCONTRADOS EM GRUPOS PEQUENOS FORMADOS POR NO MÁXIMO 3 MEMBROS. ', ' VINDOS DO PLANO ETÉREO OS VORAUCHEIN, NOME DADO PELOS MAGOS QUE LHES DESCOBRIRAM, ELES VIVIAM EM UMA COMUNIDADE, PORÉM RARAMENTE TINHAM ITERAÇÕES UNS COM OS OUTROS. A DESCOBERTA DE NOVOS MUNDOS E PLANOS FEZ COM QUE ELES SE TRANSFORMASSEM EM EXÍMIOS COMERCIANTES E ADERISSEM À VIDA NÔMADE.', '4', '3', '6', '6', '7', '7', '10', '15', '9');

-- --------------------------------------------------------

--
-- ESTRUTURA DA TABELA `RACA_HAS_DESCENDENCIA`
--

CREATE TABLE `RACA_HAS_DESCENDENCIA` (
  `IDRACA` INT(4) NOT NULL,
  `IDDESCENDENCIA` INT(4) NOT NULL
) ENGINE=INNODB DEFAULT CHARSET=LATIN1;

--
-- EXTRAINDO DADOS DA TABELA `RACA_HAS_DESCENDENCIA`
--

INSERT INTO `RACA_HAS_DESCENDENCIA` (`IDRACA`, `IDDESCENDENCIA`) VALUES
(1, 1),
(3, 2),
(3, 3),
(3, 4);

-- --------------------------------------------------------

--
-- ESTRUTURA DA TABELA `RACA_HAS_ESPECIALIZACAO`
--

CREATE TABLE `RACA_HAS_ESPECIALIZACAO` (
  `IDRACA` INT(4) NOT NULL,
  `IDESPECIALIZACAO` INT(5) NOT NULL
) ENGINE=INNODB DEFAULT CHARSET=LATIN1;

--
-- EXTRAINDO DADOS DA TABELA `RACA_HAS_ESPECIALIZACAO`
--

INSERT INTO `RACA_HAS_ESPECIALIZACAO` (`IDRACA`, `IDESPECIALIZACAO`) VALUES
(3, 3),
(3, 4),
(3, 5),
(3, 6);

-- --------------------------------------------------------

--
-- ESTRUTURA DA TABELA `RACA_HAS_HABILIDADE`
--

CREATE TABLE `RACA_HAS_HABILIDADE` (
  `IDRACA` INT(4) NOT NULL,
  `IDHABILIDADE` INT(10) NOT NULL
) ENGINE=INNODB DEFAULT CHARSET=LATIN1;

--
-- EXTRAINDO DADOS DA TABELA `RACA_HAS_HABILIDADE`
--

INSERT INTO `RACA_HAS_HABILIDADE` (`IDRACA`, `IDHABILIDADE`) VALUES
(2, 1);

-- --------------------------------------------------------

--
-- ESTRUTURA DA TABELA `RACA_HAS_HABITO`
--

CREATE TABLE `RACA_HAS_HABITO` (
  `IDRACA` INT(4) NOT NULL,
  `IDHABITO` INT(4) NOT NULL,
  `QTDRACAHABITO` INT(3) DEFAULT NULL
) ENGINE=INNODB DEFAULT CHARSET=LATIN1;

--
-- EXTRAINDO DADOS DA TABELA `RACA_HAS_HABITO`
--

INSERT INTO `RACA_HAS_HABITO` (`IDRACA`, `IDHABITO`, `QTDRACAHABITO`) VALUES
(3, 2, 5),
(3, 3, 3),
(3, 24, 5);

-- --------------------------------------------------------

--
-- ESTRUTURA DA TABELA `RACA_HAS_IDIOMA`
--

CREATE TABLE `RACA_HAS_IDIOMA` (
  `IDRACA` INT(4) NOT NULL,
  `IDIDIOMA` INT(3) NOT NULL
) ENGINE=INNODB DEFAULT CHARSET=LATIN1;

--
-- EXTRAINDO DADOS DA TABELA `RACA_HAS_IDIOMA`
--

INSERT INTO `RACA_HAS_IDIOMA` (`IDRACA`, `IDIDIOMA`) VALUES
(3, 2),
(3, 3);

-- --------------------------------------------------------

--
-- ESTRUTURA DA TABELA `RACA_HAS_PATRONO`
--

CREATE TABLE `RACA_HAS_PATRONO` (
  `IDRACA` INT(4) NOT NULL,
  `IDPATRONO` INT(3) NOT NULL
) ENGINE=INNODB DEFAULT CHARSET=LATIN1;

--
-- EXTRAINDO DADOS DA TABELA `RACA_HAS_PATRONO`
--

INSERT INTO `RACA_HAS_PATRONO` (`IDRACA`, `IDPATRONO`) VALUES
(3, 2);

-- --------------------------------------------------------

--
-- ESTRUTURA DA TABELA `REPUTACAO`
--

CREATE TABLE `REPUTACAO` (
  `IDREPUTACAO` INT(1) NOT NULL,
  `NOMEREPUTACAO` VARCHAR(50) NOT NULL
) ENGINE=INNODB DEFAULT CHARSET=LATIN1;

--
-- EXTRAINDO DADOS DA TABELA `REPUTACAO`
--

INSERT INTO `REPUTACAO` (`IDREPUTACAO`, `NOMEREPUTACAO`) VALUES
(1, 'MUITO BOA');

-- --------------------------------------------------------

--
-- ESTRUTURA DA TABELA `SANIDADE`
--

CREATE TABLE `SANIDADE` (
  `IDSANIDADE` INT(1) NOT NULL,
  `NOMESANIDADE` VARCHAR(50) NOT NULL,
  `DESCSANIDADE` TEXT NOT NULL
) ENGINE=INNODB DEFAULT CHARSET=LATIN1;

--
-- EXTRAINDO DADOS DA TABELA `SANIDADE`
--

INSERT INTO `SANIDADE` (`IDSANIDADE`, `NOMESANIDADE`, `DESCSANIDADE`) VALUES
(1, 'SERVO DE CTHULHU', 'Ó GRANDE SENHRO XULHU');

-- --------------------------------------------------------

--
-- ESTRUTURA DA TABELA `SITUACAO`
--

CREATE TABLE `SITUACAO` (
  `IDSITUACAO` INT(2) NOT NULL,
  `NOMESITUACAO` VARCHAR(50) NOT NULL,
  `DESCSITUACAO` TEXT NOT NULL
) ENGINE=INNODB DEFAULT CHARSET=LATIN1;

--
-- EXTRAINDO DADOS DA TABELA `SITUACAO`
--

INSERT INTO `SITUACAO` (`IDSITUACAO`, `NOMESITUACAO`, `DESCSITUACAO`) VALUES
(1, 'DESEMPREGADO', 'PROCURANDO EMPREGO? ACHO...');

--
-- INDEXES FOR DUMPED TABLES
--

--
-- INDEXES FOR TABLE `ACAO`
--
ALTER TABLE `ACAO`
  ADD PRIMARY KEY (`IDACAO`);

--
-- INDEXES FOR TABLE `CAMINHO`
--
ALTER TABLE `CAMINHO`
  ADD PRIMARY KEY (`IDCAMINHO`);

--
-- INDEXES FOR TABLE `CAMINHO_HAS_ESPECIALIZACAO`
--
ALTER TABLE `CAMINHO_HAS_ESPECIALIZACAO`
  ADD PRIMARY KEY (`IDESPECIALIZACAO`,`IDCAMINHO`),
  ADD KEY `FK_CAM5` (`IDCAMINHO`);

--
-- INDEXES FOR TABLE `CAMINHO_HAS_HABILIDADE`
--
ALTER TABLE `CAMINHO_HAS_HABILIDADE`
  ADD PRIMARY KEY (`IDCAMINHO`,`IDHABILIDADE`),
  ADD KEY `FK_HABI3` (`IDHABILIDADE`);

--
-- INDEXES FOR TABLE `CAMINHO_HAS_HABITO`
--
ALTER TABLE `CAMINHO_HAS_HABITO`
  ADD PRIMARY KEY (`IDCAMINHO`,`IDHABITO`),
  ADD KEY `FK_HAB8` (`IDHABITO`);

--
-- INDEXES FOR TABLE `CIDADE`
--
ALTER TABLE `CIDADE`
  ADD PRIMARY KEY (`IDCIDADE`);

--
-- INDEXES FOR TABLE `DESCENDENCIA`
--
ALTER TABLE `DESCENDENCIA`
  ADD PRIMARY KEY (`IDDESCENDENCIA`);

--
-- INDEXES FOR TABLE `DESCENDENCIA_HAS_HABILIDADE`
--
ALTER TABLE `DESCENDENCIA_HAS_HABILIDADE`
  ADD PRIMARY KEY (`IDDESCENDENCIA`,`IDHABILIDADE`),
  ADD KEY `FK_HABI4` (`IDHABILIDADE`);

--
-- INDEXES FOR TABLE `DESCENDENCIA_HAS_HABITO`
--
ALTER TABLE `DESCENDENCIA_HAS_HABITO`
  ADD PRIMARY KEY (`IDDESCENDENCIA`,`IDHABITO`),
  ADD KEY `FK_HAB5` (`IDHABITO`);

--
-- INDEXES FOR TABLE `DESCENDENCIA_HAS_SANIDADE`
--
ALTER TABLE `DESCENDENCIA_HAS_SANIDADE`
  ADD PRIMARY KEY (`IDDESCENDENCIA`,`IDSANIDADE`),
  ADD KEY `FK_SAN2` (`IDSANIDADE`);

--
-- INDEXES FOR TABLE `DESCENDENCIA_HAS_SITUACAO`
--
ALTER TABLE `DESCENDENCIA_HAS_SITUACAO`
  ADD PRIMARY KEY (`IDDESCENDENCIA`,`IDSITUACAO`),
  ADD KEY `FK_SIT2` (`IDSITUACAO`);

--
-- INDEXES FOR TABLE `ESPECIALIZACAO`
--
ALTER TABLE `ESPECIALIZACAO`
  ADD PRIMARY KEY (`IDESPECIALIZACAO`);

--
-- INDEXES FOR TABLE `FICHA`
--
ALTER TABLE `FICHA`
  ADD PRIMARY KEY (`IDFICHA`),
  ADD KEY `FK_RACA` (`IDRACA`),
  ADD KEY `FK_CIDADE` (`IDCIDADE`),
  ADD KEY `FK_JOGADOR` (`IDJOGADOR`),
  ADD KEY `IDSANIDADE` (`IDSANIDADE`);

--
-- INDEXES FOR TABLE `FICHA_HAS_CAMINHO`
--
ALTER TABLE `FICHA_HAS_CAMINHO`
  ADD PRIMARY KEY (`IDFICHA`,`IDCAMINHO`),
  ADD KEY `IDCAMINHO` (`IDCAMINHO`);

--
-- INDEXES FOR TABLE `FICHA_HAS_DESCENDENCIA`
--
ALTER TABLE `FICHA_HAS_DESCENDENCIA`
  ADD PRIMARY KEY (`IDDESCENDENCIA`,`IDFICHA`),
  ADD KEY `FK_FIC4` (`IDFICHA`);

--
-- INDEXES FOR TABLE `FICHA_HAS_HABILIDADE`
--
ALTER TABLE `FICHA_HAS_HABILIDADE`
  ADD PRIMARY KEY (`IDHABILIDADE`,`IDFICHA`),
  ADD KEY `FK_FIC` (`IDFICHA`);

--
-- INDEXES FOR TABLE `FICHA_HAS_HABITO`
--
ALTER TABLE `FICHA_HAS_HABITO`
  ADD PRIMARY KEY (`IDFICHA`,`IDHABITO`),
  ADD KEY `IDHABITOS` (`IDHABITO`);

--
-- INDEXES FOR TABLE `FICHA_HAS_IDIOMA`
--
ALTER TABLE `FICHA_HAS_IDIOMA`
  ADD PRIMARY KEY (`IDFICHA`,`IDIDIOMA`),
  ADD KEY `IDIDIOMAS` (`IDIDIOMA`);

--
-- INDEXES FOR TABLE `FICHA_HAS_INVENTARIO`
--
ALTER TABLE `FICHA_HAS_INVENTARIO`
  ADD PRIMARY KEY (`IDFICHA`,`IDINVENTARIO`),
  ADD KEY `FK_INV2` (`IDINVENTARIO`);

--
-- INDEXES FOR TABLE `FICHA_HAS_PATRONO`
--
ALTER TABLE `FICHA_HAS_PATRONO`
  ADD PRIMARY KEY (`IDFICHA`,`IDPATRONO`),
  ADD KEY `IDPATRONO` (`IDPATRONO`);

--
-- INDEXES FOR TABLE `FICHA_HAS_SITUACAO`
--
ALTER TABLE `FICHA_HAS_SITUACAO`
  ADD PRIMARY KEY (`IDFICHA`,`IDSITUACAO`),
  ADD KEY `FK_SIT` (`IDSITUACAO`);

--
-- INDEXES FOR TABLE `GASTO`
--
ALTER TABLE `GASTO`
  ADD PRIMARY KEY (`IDGASTO`);

--
-- INDEXES FOR TABLE `HABILIDADE`
--
ALTER TABLE `HABILIDADE`
  ADD PRIMARY KEY (`IDHABILIDADE`);

--
-- INDEXES FOR TABLE `HABILIDADE_HAS_ACAO`
--
ALTER TABLE `HABILIDADE_HAS_ACAO`
  ADD PRIMARY KEY (`IDACAO`,`IDHABILIDADE`),
  ADD KEY `FK_HAB2` (`IDHABILIDADE`);

--
-- INDEXES FOR TABLE `HABILIDADE_HAS_GASTO`
--
ALTER TABLE `HABILIDADE_HAS_GASTO`
  ADD PRIMARY KEY (`IDHABILIDADE`,`IDGASTO`);

--
-- INDEXES FOR TABLE `HABILIDADE_HAS_SITUACAO`
--
ALTER TABLE `HABILIDADE_HAS_SITUACAO`
  ADD PRIMARY KEY (`IDSITUACAO`,`IDHABILIDADE`),
  ADD KEY `FK_HABI5` (`IDHABILIDADE`);

--
-- INDEXES FOR TABLE `HABITO`
--
ALTER TABLE `HABITO`
  ADD PRIMARY KEY (`IDHABITO`);

--
-- INDEXES FOR TABLE `HABITOS_HAS_ESPECIALIZACAO`
--
ALTER TABLE `HABITOS_HAS_ESPECIALIZACAO`
  ADD PRIMARY KEY (`IDHABITO`,`IDESPECIALIZACAO`),
  ADD KEY `FK_ESP` (`IDESPECIALIZACAO`);

--
-- INDEXES FOR TABLE `IDIOMA`
--
ALTER TABLE `IDIOMA`
  ADD PRIMARY KEY (`IDIDIOMA`);

--
-- INDEXES FOR TABLE `INVENTARIO`
--
ALTER TABLE `INVENTARIO`
  ADD PRIMARY KEY (`IDINVENTARIO`);

--
-- INDEXES FOR TABLE `INVENTARIO_HAS_ITEM`
--
ALTER TABLE `INVENTARIO_HAS_ITEM`
  ADD PRIMARY KEY (`IDINVENTARIO`,`IDITEM`),
  ADD KEY `FK_ITE` (`IDITEM`);

--
-- INDEXES FOR TABLE `ITEM`
--
ALTER TABLE `ITEM`
  ADD PRIMARY KEY (`IDITEM`);

--
-- INDEXES FOR TABLE `JOGADOR`
--
ALTER TABLE `JOGADOR`
  ADD PRIMARY KEY (`IDJOGADOR`);

--
-- INDEXES FOR TABLE `PATRONO`
--
ALTER TABLE `PATRONO`
  ADD PRIMARY KEY (`IDPATRONO`);

--
-- INDEXES FOR TABLE `RACA`
--
ALTER TABLE `RACA`
  ADD PRIMARY KEY (`IDRACA`);

--
-- INDEXES FOR TABLE `RACA_HAS_DESCENDENCIA`
--
ALTER TABLE `RACA_HAS_DESCENDENCIA`
  ADD PRIMARY KEY (`IDRACA`,`IDDESCENDENCIA`),
  ADD KEY `FK_DES` (`IDDESCENDENCIA`);

--
-- INDEXES FOR TABLE `RACA_HAS_ESPECIALIZACAO`
--
ALTER TABLE `RACA_HAS_ESPECIALIZACAO`
  ADD PRIMARY KEY (`IDRACA`,`IDESPECIALIZACAO`),
  ADD KEY `FK_ESP2` (`IDESPECIALIZACAO`);

--
-- INDEXES FOR TABLE `RACA_HAS_HABILIDADE`
--
ALTER TABLE `RACA_HAS_HABILIDADE`
  ADD PRIMARY KEY (`IDRACA`,`IDHABILIDADE`),
  ADD KEY `FK_HABIT` (`IDHABILIDADE`);

--
-- INDEXES FOR TABLE `RACA_HAS_HABITO`
--
ALTER TABLE `RACA_HAS_HABITO`
  ADD PRIMARY KEY (`IDRACA`,`IDHABITO`),
  ADD KEY `FK_HAB3` (`IDHABITO`);

--
-- INDEXES FOR TABLE `RACA_HAS_IDIOMA`
--
ALTER TABLE `RACA_HAS_IDIOMA`
  ADD PRIMARY KEY (`IDRACA`,`IDIDIOMA`),
  ADD KEY `FK_IDI2` (`IDIDIOMA`);

--
-- INDEXES FOR TABLE `RACA_HAS_PATRONO`
--
ALTER TABLE `RACA_HAS_PATRONO`
  ADD PRIMARY KEY (`IDRACA`,`IDPATRONO`),
  ADD KEY `FK_PAT` (`IDPATRONO`);

--
-- INDEXES FOR TABLE `REPUTACAO`
--
ALTER TABLE `REPUTACAO`
  ADD PRIMARY KEY (`IDREPUTACAO`);

--
-- INDEXES FOR TABLE `SANIDADE`
--
ALTER TABLE `SANIDADE`
  ADD PRIMARY KEY (`IDSANIDADE`);

--
-- INDEXES FOR TABLE `SITUACAO`
--
ALTER TABLE `SITUACAO`
  ADD PRIMARY KEY (`IDSITUACAO`);

--
-- AUTO_INCREMENT FOR DUMPED TABLES
--

--
-- AUTO_INCREMENT FOR TABLE `ACAO`
--
ALTER TABLE `ACAO`
  MODIFY `IDACAO` INT(1) NOT NULL AUTO_INCREMENT, AUTO_INCREMENT=2;

--
-- AUTO_INCREMENT FOR TABLE `CAMINHO`
--
ALTER TABLE `CAMINHO`
  MODIFY `IDCAMINHO` INT(2) NOT NULL AUTO_INCREMENT, AUTO_INCREMENT=2;

--
-- AUTO_INCREMENT FOR TABLE `CIDADE`
--
ALTER TABLE `CIDADE`
  MODIFY `IDCIDADE` INT(4) NOT NULL AUTO_INCREMENT, AUTO_INCREMENT=2;

--
-- AUTO_INCREMENT FOR TABLE `DESCENDENCIA`
--
ALTER TABLE `DESCENDENCIA`
  MODIFY `IDDESCENDENCIA` INT(4) NOT NULL AUTO_INCREMENT, AUTO_INCREMENT=5;

--
-- AUTO_INCREMENT FOR TABLE `ESPECIALIZACAO`
--
ALTER TABLE `ESPECIALIZACAO`
  MODIFY `IDESPECIALIZACAO` INT(5) NOT NULL AUTO_INCREMENT, AUTO_INCREMENT=7;

--
-- AUTO_INCREMENT FOR TABLE `FICHA`
--
ALTER TABLE `FICHA`
  MODIFY `IDFICHA` INT(10) NOT NULL AUTO_INCREMENT, AUTO_INCREMENT=4;

--
-- AUTO_INCREMENT FOR TABLE `GASTO`
--
ALTER TABLE `GASTO`
  MODIFY `IDGASTO` INT(1) NOT NULL AUTO_INCREMENT, AUTO_INCREMENT=2;

--
-- AUTO_INCREMENT FOR TABLE `HABILIDADE`
--
ALTER TABLE `HABILIDADE`
  MODIFY `IDHABILIDADE` INT(10) NOT NULL AUTO_INCREMENT, AUTO_INCREMENT=2;

--
-- AUTO_INCREMENT FOR TABLE `HABITO`
--
ALTER TABLE `HABITO`
  MODIFY `IDHABITO` INT(4) NOT NULL AUTO_INCREMENT, AUTO_INCREMENT=49;

--
-- AUTO_INCREMENT FOR TABLE `IDIOMA`
--
ALTER TABLE `IDIOMA`
  MODIFY `IDIDIOMA` INT(3) NOT NULL AUTO_INCREMENT, AUTO_INCREMENT=4;

--
-- AUTO_INCREMENT FOR TABLE `INVENTARIO`
--
ALTER TABLE `INVENTARIO`
  MODIFY `IDINVENTARIO` INT(10) NOT NULL AUTO_INCREMENT, AUTO_INCREMENT=2;

--
-- AUTO_INCREMENT FOR TABLE `ITEM`
--
ALTER TABLE `ITEM`
  MODIFY `IDITEM` INT(10) NOT NULL AUTO_INCREMENT, AUTO_INCREMENT=2;

--
-- AUTO_INCREMENT FOR TABLE `JOGADOR`
--
ALTER TABLE `JOGADOR`
  MODIFY `IDJOGADOR` INT(10) NOT NULL AUTO_INCREMENT, AUTO_INCREMENT=8;

--
-- AUTO_INCREMENT FOR TABLE `PATRONO`
--
ALTER TABLE `PATRONO`
  MODIFY `IDPATRONO` INT(3) NOT NULL AUTO_INCREMENT, AUTO_INCREMENT=3;

--
-- AUTO_INCREMENT FOR TABLE `RACA`
--
ALTER TABLE `RACA`
  MODIFY `IDRACA` INT(4) NOT NULL AUTO_INCREMENT, AUTO_INCREMENT=4;

--
-- AUTO_INCREMENT FOR TABLE `REPUTACAO`
--
ALTER TABLE `REPUTACAO`
  MODIFY `IDREPUTACAO` INT(1) NOT NULL AUTO_INCREMENT, AUTO_INCREMENT=2;

--
-- AUTO_INCREMENT FOR TABLE `SANIDADE`
--
ALTER TABLE `SANIDADE`
  MODIFY `IDSANIDADE` INT(1) NOT NULL AUTO_INCREMENT, AUTO_INCREMENT=2;

--
-- AUTO_INCREMENT FOR TABLE `SITUACAO`
--
ALTER TABLE `SITUACAO`
  MODIFY `IDSITUACAO` INT(2) NOT NULL AUTO_INCREMENT, AUTO_INCREMENT=2;

--
-- CONSTRAINTS FOR DUMPED TABLES
--

--
-- LIMITADORES PARA A TABELA `CAMINHO_HAS_ESPECIALIZACAO`
--
ALTER TABLE `CAMINHO_HAS_ESPECIALIZACAO`
  ADD CONSTRAINT `FK_CAM5` FOREIGN KEY (`IDCAMINHO`) REFERENCES `CAMINHO` (`IDCAMINHO`),
  ADD CONSTRAINT `FK_ESP4` FOREIGN KEY (`IDESPECIALIZACAO`) REFERENCES `ESPECIALIZACAO` (`IDESPECIALIZACAO`);

--
-- LIMITADORES PARA A TABELA `CAMINHO_HAS_HABILIDADE`
--
ALTER TABLE `CAMINHO_HAS_HABILIDADE`
  ADD CONSTRAINT `FK_CAM3` FOREIGN KEY (`IDCAMINHO`) REFERENCES `CAMINHO` (`IDCAMINHO`),
  ADD CONSTRAINT `FK_HABI3` FOREIGN KEY (`IDHABILIDADE`) REFERENCES `HABILIDADE` (`IDHABILIDADE`);

--
-- LIMITADORES PARA A TABELA `CAMINHO_HAS_HABITO`
--
ALTER TABLE `CAMINHO_HAS_HABITO`
  ADD CONSTRAINT `FK_CAM4` FOREIGN KEY (`IDCAMINHO`) REFERENCES `CAMINHO` (`IDCAMINHO`),
  ADD CONSTRAINT `FK_HAB8` FOREIGN KEY (`IDHABITO`) REFERENCES `HABITO` (`IDHABITO`);

--
-- LIMITADORES PARA A TABELA `DESCENDENCIA_HAS_HABILIDADE`
--
ALTER TABLE `DESCENDENCIA_HAS_HABILIDADE`
  ADD CONSTRAINT `FK_DES3` FOREIGN KEY (`IDDESCENDENCIA`) REFERENCES `DESCENDENCIA` (`IDDESCENDENCIA`),
  ADD CONSTRAINT `FK_HABI4` FOREIGN KEY (`IDHABILIDADE`) REFERENCES `HABILIDADE` (`IDHABILIDADE`);

--
-- LIMITADORES PARA A TABELA `DESCENDENCIA_HAS_HABITO`
--
ALTER TABLE `DESCENDENCIA_HAS_HABITO`
  ADD CONSTRAINT `FK_DES7` FOREIGN KEY (`IDDESCENDENCIA`) REFERENCES `DESCENDENCIA` (`IDDESCENDENCIA`),
  ADD CONSTRAINT `FK_HAB5` FOREIGN KEY (`IDHABITO`) REFERENCES `HABITO` (`IDHABITO`);

--
-- LIMITADORES PARA A TABELA `DESCENDENCIA_HAS_SANIDADE`
--
ALTER TABLE `DESCENDENCIA_HAS_SANIDADE`
  ADD CONSTRAINT `FK_DES6` FOREIGN KEY (`IDDESCENDENCIA`) REFERENCES `DESCENDENCIA` (`IDDESCENDENCIA`),
  ADD CONSTRAINT `FK_SAN2` FOREIGN KEY (`IDSANIDADE`) REFERENCES `SANIDADE` (`IDSANIDADE`);

--
-- LIMITADORES PARA A TABELA `DESCENDENCIA_HAS_SITUACAO`
--
ALTER TABLE `DESCENDENCIA_HAS_SITUACAO`
  ADD CONSTRAINT `FK_DES2` FOREIGN KEY (`IDDESCENDENCIA`) REFERENCES `DESCENDENCIA` (`IDDESCENDENCIA`),
  ADD CONSTRAINT `FK_SIT2` FOREIGN KEY (`IDSITUACAO`) REFERENCES `SITUACAO` (`IDSITUACAO`);

--
-- LIMITADORES PARA A TABELA `FICHA`
--
ALTER TABLE `FICHA`
  ADD CONSTRAINT `FICHA_IBFK_1` FOREIGN KEY (`IDSANIDADE`) REFERENCES `SANIDADE` (`IDSANIDADE`),
  ADD CONSTRAINT `FK_JOGADOR` FOREIGN KEY (`IDJOGADOR`) REFERENCES `JOGADOR` (`IDJOGADOR`),
  ADD CONSTRAINT `FK_CIDADE` FOREIGN KEY (`IDCIDADE`) REFERENCES `CIDADE` (`IDCIDADE`),
  ADD CONSTRAINT `FK_RACA` FOREIGN KEY (`IDRACA`) REFERENCES `RACA` (`IDRACA`);

--
-- LIMITADORES PARA A TABELA `FICHA_HAS_CAMINHO`
--
ALTER TABLE `FICHA_HAS_CAMINHO`
  ADD CONSTRAINT `FICHA_HAS_CAMINHO_IBFK_1` FOREIGN KEY (`IDFICHA`) REFERENCES `FICHA` (`IDFICHA`),
  ADD CONSTRAINT `FICHA_HAS_CAMINHO_IBFK_2` FOREIGN KEY (`IDCAMINHO`) REFERENCES `CAMINHO` (`IDCAMINHO`);

--
-- LIMITADORES PARA A TABELA `FICHA_HAS_DESCENDENCIA`
--
ALTER TABLE `FICHA_HAS_DESCENDENCIA`
  ADD CONSTRAINT `FK_DES5` FOREIGN KEY (`IDDESCENDENCIA`) REFERENCES `DESCENDENCIA` (`IDDESCENDENCIA`),
  ADD CONSTRAINT `FK_FIC4` FOREIGN KEY (`IDFICHA`) REFERENCES `FICHA` (`IDFICHA`);

--
-- LIMITADORES PARA A TABELA `FICHA_HAS_HABILIDADE`
--
ALTER TABLE `FICHA_HAS_HABILIDADE`
  ADD CONSTRAINT `FK_FIC` FOREIGN KEY (`IDFICHA`) REFERENCES `FICHA` (`IDFICHA`),
  ADD CONSTRAINT `FK_HABI2` FOREIGN KEY (`IDHABILIDADE`) REFERENCES `HABILIDADE` (`IDHABILIDADE`);

--
-- LIMITADORES PARA A TABELA `FICHA_HAS_HABITO`
--
ALTER TABLE `FICHA_HAS_HABITO`
  ADD CONSTRAINT `FICHA_HAS_HABITO_IBFK_1` FOREIGN KEY (`IDFICHA`) REFERENCES `FICHA` (`IDFICHA`),
  ADD CONSTRAINT `FICHA_HAS_HABITO_IBFK_2` FOREIGN KEY (`IDHABITO`) REFERENCES `HABITO` (`IDHABITO`);

--
-- LIMITADORES PARA A TABELA `FICHA_HAS_IDIOMA`
--
ALTER TABLE `FICHA_HAS_IDIOMA`
  ADD CONSTRAINT `FICHA_HAS_IDIOMA_IBFK_1` FOREIGN KEY (`IDFICHA`) REFERENCES `FICHA` (`IDFICHA`),
  ADD CONSTRAINT `FICHA_HAS_IDIOMA_IBFK_2` FOREIGN KEY (`IDIDIOMA`) REFERENCES `IDIOMA` (`IDIDIOMA`);

--
-- LIMITADORES PARA A TABELA `FICHA_HAS_INVENTARIO`
--
ALTER TABLE `FICHA_HAS_INVENTARIO`
  ADD CONSTRAINT `FK_FIC2` FOREIGN KEY (`IDFICHA`) REFERENCES `FICHA` (`IDFICHA`),
  ADD CONSTRAINT `FK_INV2` FOREIGN KEY (`IDINVENTARIO`) REFERENCES `INVENTARIO` (`IDINVENTARIO`);

--
-- LIMITADORES PARA A TABELA `FICHA_HAS_PATRONO`
--
ALTER TABLE `FICHA_HAS_PATRONO`
  ADD CONSTRAINT `FICHA_HAS_PATRONO_IBFK_1` FOREIGN KEY (`IDFICHA`) REFERENCES `FICHA` (`IDFICHA`),
  ADD CONSTRAINT `FICHA_HAS_PATRONO_IBFK_2` FOREIGN KEY (`IDPATRONO`) REFERENCES `PATRONO` (`IDPATRONO`);

--
-- LIMITADORES PARA A TABELA `FICHA_HAS_SITUACAO`
--
ALTER TABLE `FICHA_HAS_SITUACAO`
  ADD CONSTRAINT `FK_FIC3` FOREIGN KEY (`IDFICHA`) REFERENCES `FICHA` (`IDFICHA`),
  ADD CONSTRAINT `FK_SIT` FOREIGN KEY (`IDSITUACAO`) REFERENCES `SITUACAO` (`IDSITUACAO`);

--
-- LIMITADORES PARA A TABELA `HABILIDADE_HAS_ACAO`
--
ALTER TABLE `HABILIDADE_HAS_ACAO`
  ADD CONSTRAINT `FK_ACA2` FOREIGN KEY (`IDACAO`) REFERENCES `ACAO` (`IDACAO`),
  ADD CONSTRAINT `FK_HAB2` FOREIGN KEY (`IDHABILIDADE`) REFERENCES `HABILIDADE` (`IDHABILIDADE`),
  ADD CONSTRAINT `HABILIDADE_HAS_ACAO_IBFK_1` FOREIGN KEY (`IDACAO`) REFERENCES `ACAO` (`IDACAO`);

--
-- LIMITADORES PARA A TABELA `HABILIDADE_HAS_GASTO`
--
ALTER TABLE `HABILIDADE_HAS_GASTO`
  ADD CONSTRAINT `HABILIDADE_HAS_GASTO_IBFK_1` FOREIGN KEY (`IDHABILIDADE`) REFERENCES `HABILIDADE` (`IDHABILIDADE`),
  ADD CONSTRAINT `HABILIDADE_HAS_GASTO_IBFK_2` FOREIGN KEY (`IDHABILIDADE`) REFERENCES `HABILIDADE` (`IDHABILIDADE`);

--
-- LIMITADORES PARA A TABELA `HABILIDADE_HAS_SITUACAO`
--
ALTER TABLE `HABILIDADE_HAS_SITUACAO`
  ADD CONSTRAINT `FK_HABI5` FOREIGN KEY (`IDHABILIDADE`) REFERENCES `HABILIDADE` (`IDHABILIDADE`),
  ADD CONSTRAINT `FK_SIT3` FOREIGN KEY (`IDSITUACAO`) REFERENCES `SITUACAO` (`IDSITUACAO`);

--
-- LIMITADORES PARA A TABELA `HABITOS_HAS_ESPECIALIZACAO`
--
ALTER TABLE `HABITOS_HAS_ESPECIALIZACAO`
  ADD CONSTRAINT `FK_ESP` FOREIGN KEY (`IDESPECIALIZACAO`) REFERENCES `ESPECIALIZACAO` (`IDESPECIALIZACAO`),
  ADD CONSTRAINT `FK_HAB` FOREIGN KEY (`IDHABITO`) REFERENCES `HABITO` (`IDHABITO`);

--
-- LIMITADORES PARA A TABELA `INVENTARIO_HAS_ITEM`
--
ALTER TABLE `INVENTARIO_HAS_ITEM`
  ADD CONSTRAINT `FK_INV` FOREIGN KEY (`IDINVENTARIO`) REFERENCES `INVENTARIO` (`IDINVENTARIO`),
  ADD CONSTRAINT `INVENTARIO_HAS_ITEM_IBFK_1` FOREIGN KEY (`IDITEM`) REFERENCES `ITEM` (`IDITEM`);

--
-- LIMITADORES PARA A TABELA `RACA_HAS_DESCENDENCIA`
--
ALTER TABLE `RACA_HAS_DESCENDENCIA`
  ADD CONSTRAINT `FK_DES` FOREIGN KEY (`IDDESCENDENCIA`) REFERENCES `DESCENDENCIA` (`IDDESCENDENCIA`),
  ADD CONSTRAINT `FK_RAC6` FOREIGN KEY (`IDRACA`) REFERENCES `RACA` (`IDRACA`);

--
-- LIMITADORES PARA A TABELA `RACA_HAS_ESPECIALIZACAO`
--
ALTER TABLE `RACA_HAS_ESPECIALIZACAO`
  ADD CONSTRAINT `FK_ESP2` FOREIGN KEY (`IDESPECIALIZACAO`) REFERENCES `ESPECIALIZACAO` (`IDESPECIALIZACAO`),
  ADD CONSTRAINT `FK_RAC2` FOREIGN KEY (`IDRACA`) REFERENCES `RACA` (`IDRACA`);

--
-- LIMITADORES PARA A TABELA `RACA_HAS_HABILIDADE`
--
ALTER TABLE `RACA_HAS_HABILIDADE`
  ADD CONSTRAINT `FK_HABIT` FOREIGN KEY (`IDHABILIDADE`) REFERENCES `HABILIDADE` (`IDHABILIDADE`),
  ADD CONSTRAINT `FK_RAC7` FOREIGN KEY (`IDRACA`) REFERENCES `RACA` (`IDRACA`);

--
-- LIMITADORES PARA A TABELA `RACA_HAS_HABITO`
--
ALTER TABLE `RACA_HAS_HABITO`
  ADD CONSTRAINT `FK_HAB3` FOREIGN KEY (`IDHABITO`) REFERENCES `HABITO` (`IDHABITO`),
  ADD CONSTRAINT `FK_RAC4` FOREIGN KEY (`IDRACA`) REFERENCES `RACA` (`IDRACA`);

--
-- LIMITADORES PARA A TABELA `RACA_HAS_IDIOMA`
--
ALTER TABLE `RACA_HAS_IDIOMA`
  ADD CONSTRAINT `FK_IDI2` FOREIGN KEY (`IDIDIOMA`) REFERENCES `IDIOMA` (`IDIDIOMA`),
  ADD CONSTRAINT `FK_RAC3` FOREIGN KEY (`IDRACA`) REFERENCES `RACA` (`IDRACA`);

--
-- LIMITADORES PARA A TABELA `RACA_HAS_PATRONO`
--
ALTER TABLE `RACA_HAS_PATRONO`
  ADD CONSTRAINT `FK_PAT` FOREIGN KEY (`IDPATRONO`) REFERENCES `PATRONO` (`IDPATRONO`),
  ADD CONSTRAINT `FK_RAC5` FOREIGN KEY (`IDRACA`) REFERENCES `RACA` (`IDRACA`);
COMMIT;

/*!40101 SET CHARACTER_SET_CLIENT=@OLD_CHARACTER_SET_CLIENT */;
/*!40101 SET CHARACTER_SET_RESULTS=@OLD_CHARACTER_SET_RESULTS */;
/*!40101 SET COLLATION_CONNECTION=@OLD_COLLATION_CONNECTION */;
